{
  "find_flights" : {
    "transaction" : "find_flights",
    "sampleCount" : 6,
    "errorCount" : 0,
    "errorPct" : 0.0,
    "meanResTime" : 376.33333333333337,
    "medianResTime" : 382.5,
    "minResTime" : 355.0,
    "maxResTime" : 394.0,
    "pct1ResTime" : 394.0,
    "pct2ResTime" : 394.0,
    "pct3ResTime" : 394.0,
    "throughput" : 2.90838584585555,
    "receivedKBytesPerSec" : 6.8013814832767805,
    "sentKBytesPerSec" : 1.8267351854095975
  },
  "Debug Sampler" : {
    "transaction" : "Debug Sampler",
    "sampleCount" : 6,
    "errorCount" : 0,
    "errorPct" : 0.0,
    "meanResTime" : 0.33333333333333337,
    "medianResTime" : 0.0,
    "minResTime" : 0.0,
    "maxResTime" : 1.0,
    "pct1ResTime" : 1.0,
    "pct2ResTime" : 1.0,
    "pct3ResTime" : 1.0,
    "throughput" : 3.5190615835777126,
    "receivedKBytesPerSec" : 17.44868035190616,
    "sentKBytesPerSec" : 0.0
  },
  "Total" : {
    "transaction" : "Total",
    "sampleCount" : 18,
    "errorCount" : 0,
    "errorPct" : 0.0,
    "meanResTime" : 362.0,
    "medianResTime" : 382.5,
    "minResTime" : 0.0,
    "maxResTime" : 881.0,
    "pct1ResTime" : 817.1000000000001,
    "pct2ResTime" : 881.0,
    "pct3ResTime" : 881.0,
    "throughput" : 5.727012408526885,
    "receivedKBytesPerSec" : 18.181524419344576,
    "sentKBytesPerSec" : 2.0435416998091
  },
  "/reserve.php" : {
    "transaction" : "/reserve.php",
    "sampleCount" : 6,
    "errorCount" : 0,
    "errorPct" : 0.0,
    "meanResTime" : 376.33333333333337,
    "medianResTime" : 382.5,
    "minResTime" : 355.0,
    "maxResTime" : 394.0,
    "pct1ResTime" : 394.0,
    "pct2ResTime" : 394.0,
    "pct3ResTime" : 394.0,
    "throughput" : 2.90838584585555,
    "receivedKBytesPerSec" : 6.8013814832767805,
    "sentKBytesPerSec" : 1.8267351854095975
  },
  "/" : {
    "transaction" : "/",
    "sampleCount" : 6,
    "errorCount" : 0,
    "errorPct" : 0.0,
    "meanResTime" : 709.3333333333334,
    "medianResTime" : 762.5,
    "minResTime" : 511.0,
    "maxResTime" : 881.0,
    "pct1ResTime" : 881.0,
    "pct2ResTime" : 881.0,
    "pct3ResTime" : 881.0,
    "throughput" : 2.1786492374727673,
    "receivedKBytesPerSec" : 4.852317084241104,
    "sentKBytesPerSec" : 0.963796977124183
  },
  "browse" : {
    "transaction" : "browse",
    "sampleCount" : 6,
    "errorCount" : 0,
    "errorPct" : 0.0,
    "meanResTime" : 709.3333333333334,
    "medianResTime" : 762.5,
    "minResTime" : 511.0,
    "maxResTime" : 881.0,
    "pct1ResTime" : 881.0,
    "pct2ResTime" : 881.0,
    "pct3ResTime" : 881.0,
    "throughput" : 2.1754894851341553,
    "receivedKBytesPerSec" : 4.845279641044235,
    "sentKBytesPerSec" : 0.9623991569978245
  }
}